company|title|location|link
ku leuven|phd in embedded software for dynamic neural networks|st-katelijne-waver, flemish region, belgium|https://www.linkedin.com/jobs/view/4453093855
nvidia ai|system software architecture researcher - phd program|roskilde, region zealand, denmark|https://www.linkedin.com/jobs/view/4449223199
google|software engineer, early careers, phd, gsoc server software|warsaw, mazowieckie, poland|https://www.linkedin.com/jobs/view/4365575666
google|software engineer, tpu compiler, phd, early careers|london, england, united kingdom|https://www.linkedin.com/jobs/view/4366898452
nvidia|system software architecture researcher - phd program|roskilde, region zealand, denmark|https://www.linkedin.com/jobs/view/4450504287
google|software engineer, performance, reliability, observability, phd, early career|warsaw, mazowieckie, poland|https://www.linkedin.com/jobs/view/4321301694
google|software engineer, performance, reliability, observability, phd, early careers|warsaw, mazowieckie, poland|https://www.linkedin.com/jobs/view/4374056681
google|software engineer, early careers, phd, cloud ai|warsaw, mazowieckie, poland|https://www.linkedin.com/jobs/view/4320919263
google|software engineer, gce control plane, early careers, phd|warsaw, mazowieckie, poland|https://www.linkedin.com/jobs/view/4365587218
